{
  "x": [
    0.0,
    1.0,
    0.11845060441323954,
    -0.4407746977933802,
    1.0,
    0.9999980576743825,
    -0.44077566895618897,
    0.7796126511033099,
    1.0,
    -0.4170190049956574,
    0.5592248166252154,
    1.0,
    -0.33993323467325753,
    0.3507153141273867,
    0.894347110193402,
    -0.21717785074781776,
    0.18074869679075795,
    0.5762407937351941,
    -0.12447311753348159,
    0.07215977141684907,
    0.3242599071488057,
    -0.06033554064327644,
    0.009923212650108275,
    0.1504029562108801,
    -0.020260468559974865,
    -0.020244557671529943,
    0.04390785523724106,
    0.0016896554110594827,
    -0.030374791951517374,
    -0.012616971396589202,
    0.011412613932462377,
    -0.029529964245987635,
    -0.036127047094287185,
    0.013815403467721869,
    -0.023823657279756445,
    -0.04031180532539837,
    0.0124751105976811,
    -0.016915955545895513,
    -0.034909063976307934,
    0.009714326807667286,
    -0.010678400247054963,
    -0.026096853308419363,
    0.006861709827065,
    -0.00582123684322132,
    -0.017316125665015284,
    0.004545004069011802,
    -0.0023903819296888194,
    -0.01014514797196396,
    0.002940110097472193,
    -0.0001178798951829181,
    -0.005039824686233627,
    0.0019491927302555583,
    0.0013521751535531786,
    -0.0018788088127023833,
    0.0013082953303253696,
    0.0023267715186809576,
    -0.0003196214778669251,
    0.0006392429557465073,
    0.002980919183843642,
    0.0
  ],
  "lam_g": [
    0.23690120883128452,
    -5.538686946367476,
    2.0060650802514717,
    -4.419877138427312,
    2.6567226984193595,
    -3.224844149402946,
    2.418713961960363,
    -2.0203242887581037,
    1.7886942205655454,
    -0.9885096153765405,
    1.1524815875048964,
    -0.27676034408893135,
    0.6485198143121058,
    0.11383436082656091,
    0.30080591242791554,
    0.27398043045396675,
    0.08781571047624183,
    0.2976797468838583,
    -0.025233942793683163,
    0.254689278614989,
    -0.07225409419002134,
    0.18905661792070147,
    -0.08062361065241183,
    0.12494769124061961,
    -0.06981812795401394,
    0.07313740532661564,
    -0.05219370661788331,
    0.03636756600489144,
    -0.034632251330723424,
    0.013231586834418139,
    -0.020290295944333767,
    0.0006962773723350287,
    -0.010079649372668854,
    -0.004461423715778729,
    -0.003757617625479919,
    -0.004988067278730091,
    -0.0006392429557466351,
    -0.0029809191838442383
  ],
  "lam_x": [
    -2.5324422643524533,
    -6.657137550783118,
    2.402723520968692e-12,
    -8.832654065607421e-14,
    2.020201979389859e-13,
    0.0030344824513533434,
    -8.832673602533369e-14,
    1.5687601303549923e-13,
    0.32836133924013405,
    -8.354909525725602e-14,
    1.1219583379955774e-13,
    0.20935697102794687,
    -6.806529815881818e-14,
    7.022944450247311e-14,
    8.93706638141286e-11,
    -4.345606586353937e-14,
    3.616155264721909e-14,
    1.7254098480802485e-11,
    -2.489848066901705e-14,
    1.4432705510396445e-14,
    7.247201259217436e-12,
    -1.206754719157275e-14,
    1.9846444446111995e-15,
    3.077679399867519e-12,
    -4.052110264321419e-15,
    -4.048928047538105e-15,
    8.798533561919724e-13,
    3.379310851006501e-16,
    -6.075014318584303e-15,
    -2.52379598651267e-13,
    2.2825257137802392e-15,
    -5.906044232891583e-15,
    -7.234851938740836e-13,
    2.7630859120568196e-15,
    -4.7647584038355285e-15,
    -8.075483901068003e-13,
    2.4950259526042915e-15,
    -3.3832007225286953e-15,
    -6.990331372025877e-13,
    1.942867156123863e-15,
    -2.1356824419781275e-15,
    -5.222927609876264e-13,
    1.3723425841070647e-15,
    -1.164247739885685e-15,
    -3.464263817013505e-13,
    9.090009833950359e-16,
    -4.780764036931004e-16,
    -2.0292384111977134e-13,
    5.880220585640902e-16,
    -2.3575978568273678e-17,
    -1.0079905198776428e-13,
    3.8983855306581433e-16,
    2.704350302463019e-16,
    -3.7576308143979874e-14,
    2.6165906531041417e-16,
    4.653543196228239e-16,
    -6.392430082528195e-15,
    1.278485891147144e-16,
    5.961838778213723e-16,
    0.0
  ],
  "objective": 4.055588079876949,
  "residuals": {
    "primal": 4.9260248657923e-09,
    "stationarity": 9.969545688992554e-09,
    "complementarity": 1.3078690738256853e-08,
    "dual": 0.0
  },
  "tolerances": {
    "eps_feas": 1e-06,
    "eps_kkt": 1e-06,
    "eps_comp": 1e-06
  },
  "status": "UNIQUE_KKT",
  "solver": {
    "name": "IPOPT",
    "iterations": 12,
    "time": 0.004770994186401367,
    "status": "Solve_Succeeded"
  },
  "hashes": {
    "input": "01ae27ad68fb4d361bb608266add3621c95cbeb52eb5c56f5cafd8d51da6a442",
    "solution": "5e4b856b287e41b7bec77587a14ca90821cf4ea27ce809d4e93ae4a3bcc06c8f",
    "certificate": "6d45ffd15ea560cac4797d91f10a098308ca5bd57fa9164b71409ff057b541e3"
  },
  "timestamp": "2026-02-04T18:22:01.673773"
}