{
  "x": [
    100.0,
    -20.0,
    2.8238236233560365e-06,
    95.0,
    -22.452499999294044,
    4.582622310705942e-06,
    89.38687500017649,
    -24.90499999814839,
    1.0718028267076019e-05,
    83.1606250006394,
    -27.357499995468885,
    4093.7492538995925,
    76.32125000177219,
    -28.78656268199399,
    15000.0,
    69.12460933127369,
    -27.489062658544967,
    15000.0,
    62.252343666637444,
    -26.191562634311335,
    15000.0,
    55.70445300805961,
    -24.894062609816302,
    15000.0,
    49.48093735560553,
    -23.596562585193237,
    15000.0,
    43.58179670930722,
    -22.299062560494924,
    15000.0,
    38.00703106918349,
    -21.001562535747237,
    15000.0,
    32.75664043524668,
    -19.704062510964523,
    15000.0,
    27.830624807505547,
    -18.406562486155604,
    15000.0,
    23.22898418596665,
    -17.109062461326335,
    15000.0,
    18.951718570635062,
    -15.811562436480825,
    15000.0,
    14.998827961514856,
    -14.514062411622078,
    15000.0,
    11.370312358609336,
    -13.216562386752374,
    15000.0,
    8.066171761921243,
    -11.91906236187349,
    15000.0,
    5.08640617145287,
    -10.621562336986877,
    15000.0,
    2.4310155872061507,
    -9.324062312093785,
    15000.0
  ],
  "lam_g": [
    -4.013281143292451,
    -3.0099608575260155,
    -4.013281143293794,
    -2.006640571709056,
    -4.013281143296704,
    -1.0033202858924102,
    -4.013281143301477,
    -7.598847764943902e-11,
    -4.013281143308577,
    1.0033202857422179,
    -4.01328114331829,
    2.0066405715635796,
    -4.0132811433308255,
    3.0099608573886445,
    -4.01328114334652,
    4.013281143218142,
    -4.013281143365846,
    5.016601429052949,
    -4.013281143389447,
    6.019921714894111,
    -4.013281143418198,
    7.023242000742899,
    -4.013281143453306,
    8.02656228660089,
    -4.013281143496472,
    9.029882572470088,
    -4.013281143550166,
    10.033202858353116,
    -4.013281143618138,
    11.036523144253534,
    -4.013281143706422,
    12.039843430176415,
    -4.013281143825534,
    13.043163716129458,
    -4.0132811439961475,
    14.046484002125535,
    -4.013281144267674,
    15.04980428818987,
    4.013281144813373
  ],
  "lam_x": [
    -4.013281143292451,
    -4.013281143349128,
    -0.0007524902146531239,
    -2.3940972475106994e-12,
    -1.1495246020912956e-11,
    -0.0005016601431598155,
    -5.171370103943098e-12,
    -1.3228477545603145e-11,
    -0.00025083007166661726,
    -8.446562708086637e-12,
    -1.5476848720021817e-11,
    -1.7345312116821508e-13,
    -1.247990361975509e-11,
    -1.5719541031897104e-11,
    0.0002508300713204303,
    -1.7055858952640147e-11,
    -1.4553711931122934e-11,
    0.0005016601428156713,
    -2.2013128419028404e-11,
    -1.3598048947585793e-11,
    0.0007524902143125269,
    -2.756395789892745e-11,
    -1.2725191706237127e-11,
    0.0010033202858113234,
    -3.39414483180846e-11,
    -1.1899853967332633e-11,
    0.0012541503573124482,
    -4.144300414642391e-11,
    -1.1107258887868251e-11,
    0.0015049804288163604,
    -5.0473449770126504e-11,
    -1.033969056621242e-11,
    0.0017558105003236196,
    -6.161038158901002e-11,
    -9.592534721801775e-12,
    0.002006640571834916,
    -7.57155406674353e-11,
    -8.862625600177352e-12,
    0.0022574706433511277,
    -9.413876873337881e-11,
    -8.147574389809821e-12,
    0.0025083007148734007,
    -1.1912103030455398e-10,
    -7.445461916640397e-12,
    0.0027591307864032947,
    -1.5466798640994245e-10,
    -6.754678083135867e-12,
    0.003009960857943028,
    -2.0868860867565762e-10,
    -6.073828191262121e-12,
    0.0032607909294959754,
    -2.992084716747519e-10,
    -5.401673418964323e-12,
    0.003511621001067791,
    -4.778850408008549e-10,
    -4.73709002203091e-12,
    0.0037624510726696403,
    -9.74879583145502e-10,
    -4.0790380088829125e-12,
    0.004013281144332584
  ],
  "objective": 64.42570254992434,
  "residuals": {
    "primal": 2.489309203212997e-08,
    "stationarity": 4.9798437896443745e-08,
    "complementarity": 3.746361632114547e-07,
    "dual": 0.0
  },
  "tolerances": {
    "eps_feas": 1e-06,
    "eps_kkt": 1e-06,
    "eps_comp": 1e-06
  },
  "status": "UNIQUE_KKT",
  "solver": {
    "name": "IPOPT",
    "iterations": 10,
    "time": 0.004189968109130859,
    "status": "Solve_Succeeded"
  },
  "hashes": {
    "input": "c02112d9198b668d046005daf06f580b0d0936631e3ebb61ae652d4d2bac2c17",
    "solution": "642f6f16b5f9f2c23c69e2e5fb581c91d53676aaac3423eeddd5056b53332cc1",
    "certificate": "72d6ef5e846636c521ed7df226cd5f090e968f7e09a0bb6a0c8437fd24790249"
  },
  "timestamp": "2026-02-04T18:22:01.681552"
}