{
  "contract": "L",
  "status": "FAIL",
  "objective": 76.13678175758402,
  "certified": false,
  "residuals": {
    "primal": 0.0,
    "stationarity": 0.0002520545846607053,
    "complementarity": 0.0
  },
  "solver": {
    "iterations": 35,
    "time": 0.009552955627441406,
    "return_status": "Solve_Succeeded"
  },
  "total_time": 0.017486095428466797
}