{
  "contract": "L",
  "status": "FAIL",
  "objective": 0.12455138894440353,
  "certified": false,
  "residuals": {
    "primal": 0.0,
    "stationarity": 0.00013823090840492163,
    "complementarity": 0.0
  },
  "solver": {
    "iterations": 19,
    "time": 0.0045201778411865234,
    "return_status": "Solve_Succeeded"
  },
  "total_time": 0.005993843078613281
}